<?xml version="1.0" encoding="UTF-8" ?>
<!DOCTYPE mapper PUBLIC "-//mybatis.org//DTD Mapper 3.0//EN" "http://mybatis.org/dtd/mybatis-3-mapper.dtd" >
<mapper namespace="com.xw.atcrowdfunding.manager.dao.AdvertisementMapper" >
  <resultMap id="BaseResultMap" type="com.xw.atcrowdfunding.bean.Advertisement" >
    <id column="id" property="id" jdbcType="INTEGER" />
    <result column="name" property="name" jdbcType="VARCHAR" />
    <result column="iconpath" property="iconpath" jdbcType="VARCHAR" />
    <result column="status" property="status" jdbcType="CHAR" />
    <result column="url" property="url" jdbcType="VARCHAR" />
    <result column="userid" property="userid" jdbcType="INTEGER" />
  </resultMap>
  <delete id="deleteByPrimaryKey" parameterType="java.lang.Integer" >
    delete from t_advertisement
    where id = #{id,jdbcType=INTEGER}
  </delete>
  <insert id="insert" parameterType="com.xw.atcrowdfunding.bean.Advertisement" >
    insert into t_advertisement (id, name, iconpath, 
      status, url, userid)
    values (#{id,jdbcType=INTEGER}, #{name,jdbcType=VARCHAR}, #{iconpath,jdbcType=VARCHAR}, 
      #{status,jdbcType=CHAR}, #{url,jdbcType=VARCHAR}, #{userid,jdbcType=INTEGER})
  </insert>
  <update id="updateByPrimaryKey" parameterType="com.xw.atcrowdfunding.bean.Advertisement" >
    update t_advertisement
    set name = #{name,jdbcType=VARCHAR},
      iconpath = #{iconpath,jdbcType=VARCHAR},
      status = #{status,jdbcType=CHAR},
      url = #{url,jdbcType=VARCHAR},
      userid = #{userid,jdbcType=INTEGER}
    where id = #{id,jdbcType=INTEGER}
  </update>
  <select id="selectByPrimaryKey" resultMap="BaseResultMap" parameterType="java.lang.Integer" >
    select id, name, iconpath, status, url, userid
    from t_advertisement
    where id = #{id,jdbcType=INTEGER}
  </select>
  <select id="selectAll" resultMap="BaseResultMap" >
    select id, name, iconpath, status, url, userid
    from t_advertisement
  </select>

  <select id="pageQuery" resultMap="BaseResultMap">
    select id, name, url, status
    from t_advertisement
    <where>
      <if test="queryText != null">name like concat("%", #{queryText}, "%")</if>
    </where>
    limit #{startIndex}, #{pagesize}
  </select>

  <select id="queryCount" resultType="int">
    select count(*)
    from t_advertisement
    <where>
      <if test="queryText != null">name like concat("%", #{queryText}, "%")</if>
    </where>
  </select>
</mapper>