<?xml version="1.0" encoding="UTF-8" ?>
<!DOCTYPE mapper PUBLIC "-//mybatis.org//DTD Mapper 3.0//EN" "http://mybatis.org/dtd/mybatis-3-mapper.dtd" >
<mapper namespace="com.xw.atcrowdfunding.manager.dao.ProjectTagMapper" >
  <resultMap id="BaseResultMap" type="com.xw.atcrowdfunding.bean.ProjectTag" >
    <id column="id" property="id" jdbcType="INTEGER" />
    <result column="projectid" property="projectid" jdbcType="INTEGER" />
    <result column="tagid" property="tagid" jdbcType="INTEGER" />
  </resultMap>
  <delete id="deleteByPrimaryKey" parameterType="java.lang.Integer" >
    delete from t_project_tag
    where id = #{id,jdbcType=INTEGER}
  </delete>
  <insert id="insert" parameterType="com.xw.atcrowdfunding.bean.ProjectTag" >
    insert into t_project_tag (id, projectid, tagid
      )
    values (#{id,jdbcType=INTEGER}, #{projectid,jdbcType=INTEGER}, #{tagid,jdbcType=INTEGER}
      )
  </insert>
  <update id="updateByPrimaryKey" parameterType="com.xw.atcrowdfunding.bean.ProjectTag" >
    update t_project_tag
    set projectid = #{projectid,jdbcType=INTEGER},
      tagid = #{tagid,jdbcType=INTEGER}
    where id = #{id,jdbcType=INTEGER}
  </update>
  <select id="selectByPrimaryKey" resultMap="BaseResultMap" parameterType="java.lang.Integer" >
    select id, projectid, tagid
    from t_project_tag
    where id = #{id,jdbcType=INTEGER}
  </select>
  <select id="selectAll" resultMap="BaseResultMap" >
    select id, projectid, tagid
    from t_project_tag
  </select>
</mapper>